Scenario,Total Cost,Avg CPTK,Cost Reduction %
Original,405869020.0,3.513685054024762,0.0
Fuel +10%,416573494.70000005,3.607106126561956,-2.6374209837449647
Consolidation,374916145.23,3.139855380058385,7.626321114629538
Mode Shift,410225931.50600004,3.548933361207859,-1.0734772281954514
Carrier Optimization,155791749.5418,1.5210221290010932,61.61526456446467
